{
  "data": [
    {
      "serviceName": "آشپزی",
      "headImg": "https://cdn.achareh.co/production.achareh.ir/listings/services/6c1d25ad-2078-41d8-88d1-a350a7c578e2/image.jpg",
      "summery": "ارائه خدمات آشپزی در محل شما",
      "serviceDescription": "این سرویس برای وقتی که مهمانی دارید و نمی خواهید غذا از بیرون بگیرید بسیار مفید است. معمولا شما یک نفر را نیاز دارید که در آشپزخانه کنار شما باشد تا غذاها راحت تر و زودتر آماده شود. این فرد یک متخصص آشپزی آچاره است که به منزل شما می آید و خودش می تواند غذاهای مدنظر شما را در آشپزخانه شما آماده کند.\nجهت استفاده بهتر از این سرویس لطفا به موارد زیر توجه فرمایید:\n\nهزینه ارائه این سرویس توسط متخصصین آقا برای حداقل 4 ساعت و کمتر 180.000 تومان و به ازای هر ساعت اضافه 25.000 تومان به هزینه اضافه میگردد. همچنین ارائه این سرویس توسط متخصصین خانم برای حد اقل 4 ساعت 210.000 تومان و به ازای هر ساعت اضافه 30.000 تومان به هزینه اضافه میگردد.\n\n**- برخی از مناطق به دلیل سختی رفت و آمد بین 20.000 الی 30.000 تومان مشمول هزینه ایاب و ذهاب شده که این مبلغ بر مجموع هزینه اضافه شده و در پایان ثبت سفارش به شما اعلام می شود.\n\n- در صورتی که خدمات درخواستی شما بیشتر از ساعت 20 شب به‌ طول بیانجامد، هزینه برگشت نیروی ارسالی تا سقف 25.000 تومان برعهده‌ی شما(مشتری) خواهد بود.\n\n\nگر نیرو در زمانی کمتر از زمان درخواستی شما کار مورد نظر را به اتمام برساند، هزینه دریافتی تغیبری نخواهد کرد.\n\nپخت انواع خورش، غذای کبابی، آش، سوپ و تهیه انواع پیش غذا و دسر قابل ارائه می‌باشد.\n\nجهت انجام با کیفیت هر چه بیشتر سفارش، بهتر است حداقل یک روز قبل از زمان مورد نظر اقدام به ثبت سفارش نمایید.\n\nتهیه لوازم مورد نیاز جهت ارائه سرویس مناسب توسط متخصص، بر عهده مشتری می‌باشد.\n\nدر صورتیکه به هردلیلی پس از مراجعه نیرو از انجام سفارش منصرف شدید هزینه ایاب و ذهاب به مبلغ 40.000 تومان باید به متخصص پرداخت کردد.",
      "serviceQuestions": [
        {
          "single": true,
          "required": true,
          "title": "Specialist",
          "summery": "به نیروی آقا نیاز دارید یا خانم؟",
          "description": "Et hic quo eos aut consectetur laborum velit laborum. Beatae dolorum nulla soluta maxime culpa. Deserunt dignissimos ex saepe quo et esse sunt quasi mollitia. Consequatur sed rerum eum quidem aut omnis facilis eius id. Inventore sequi perspiciatis sit quisquam veritatis iure et soluta. Excepturi quaerat aperiam ut fugit quam iusto cupiditate eligendi cupiditate.\n \rFugiat incidunt dolore sint eius. Voluptate a velit et qui perspiciatis qui et ea nobis. Ullam provident sit. Eius voluptas debitis.\n \rQui dolor ut reprehenderit dolore dolores. Id aut iusto quaerat non aut. Modi enim ipsam. Necessitatibus eaque natus labore.",
          "options": [
            {
              "label": "آقا",
              "value": "1"
            },
            {
              "label": "خانم",
              "value": "2"
            },
            {
              "label": "فرقی نمیکند",
              "value": "3"
            }
          ],
          "id": "1"
        },
        {
          "single": false,
          "required": true,
          "title": "Designer",
          "summery": "به نیروی آقا نیاز دارید یا خانم؟",
          "description": "Et quis quo veniam quia sunt maiores excepturi veniam. Facilis sit aliquam veritatis vitae. Reiciendis unde inventore id enim ipsa maiores et recusandae non. Quia eius consequatur possimus. Delectus magnam enim ut sint quisquam neque ea veritatis facere.\n \rUt alias alias sed deserunt voluptates aliquam praesentium nisi. Ut quo beatae ut. Aut dolorum saepe eligendi sunt. Et fugit delectus et.\n \rOmnis qui error nobis modi nostrum sint exercitationem nam ipsum. Quia rerum et et soluta. Quia sequi quasi dolor rerum enim animi velit. Provident sint quidem. Quia nulla saepe sit. Impedit iure possimus amet.",
          "options": [
            {
              "label": "گزینه یک",
              "value": "1"
            },
            {
              "label": "گزینه دو",
              "value": "2"
            }
          ],
          "id": "2"
        },
        {
          "single": true,
          "required": false,
          "title": "Strategist",
          "summery": "Future Communications Architect",
          "description": "Et sapiente voluptas. Et adipisci sed doloremque reiciendis ut. Facere odio qui.\n \rRerum et corrupti voluptatem quae ex. Enim in nihil. Voluptatibus eaque eum accusamus eaque debitis harum est.\n \rMaxime aliquid quasi occaecati itaque architecto rerum consequatur. Sit dignissimos illum hic sed occaecati voluptate officiis consectetur. Tempore sed quam. Sint et molestiae. Doloribus optio nobis illo officiis sit eaque impedit tempore. Ratione incidunt officiis sed rerum nostrum quod.",
          "options": [
            {
              "label": "گزینه یک",
              "value": "1"
            },
            {
              "label": "گزینه دو",
              "value": "2"
            }
          ],
          "id": "3"
        },
        {
          "single": true,
          "required": true,
          "title": "Administrator",
          "summery": "Forward Solutions Developer",
          "description": "Cupiditate qui atque facere pariatur. Sint consectetur occaecati repudiandae ut illum dolorem deleniti consequatur est. Voluptas et ea quaerat nihil.\n \rEveniet debitis illo voluptas aliquid aut consequatur. Excepturi quo pariatur odio facere nam aut in natus. Nemo ipsa qui nam delectus aperiam hic praesentium rerum. Quisquam ut accusamus. Culpa illo vitae ut dolorem. Delectus ad aut harum.\n \rEum tempore id. Et esse sint ea velit assumenda similique nostrum officiis. Omnis voluptas eaque nam magnam voluptatum nam et sit. Reiciendis qui dolore aspernatur nihil. Veritatis possimus sed eos quia neque.",
          "options": [
            {
              "label": "گزینه یک",
              "value": "1"
            },
            {
              "label": "گزینه دو",
              "value": "2"
            }
          ],
          "id": "4"
        },
        {
          "single": false,
          "required": true,
          "title": "Orchestrator",
          "summery": "National Intranet Technician",
          "description": "Animi voluptates nostrum sit sit. Minus quia quos cumque. Dolorem ut facere tempore similique et. Quia natus et autem eum. Assumenda consectetur ut corrupti mollitia architecto dolor.\n \rIn rerum similique sint. Beatae saepe quis reiciendis aspernatur. Numquam saepe qui. Vero perferendis aut iure ratione vitae assumenda porro. Non rerum harum ut. Provident nulla rerum nesciunt et aliquam possimus rerum.\n \rOfficia eum sequi cum et accusamus. Qui aut incidunt distinctio eos perferendis cum. Eum dolores ex vitae rerum. Sapiente architecto autem.",
          "options": [
            {
              "label": "گزینه یک",
              "value": "1"
            },
            {
              "label": "گزینه دو",
              "value": "2"
            }
          ],
          "id": "5"
        },
        {
          "single": true,
          "required": false,
          "title": "Facilitator",
          "summery": "Investor Mobility Producer",
          "description": "Laudantium est aut. Quos ut ea rerum voluptatum iusto nulla esse repudiandae modi. Autem dolores sed sed veniam. Voluptatem voluptas corrupti ex et.\n \rId quia veritatis aut aspernatur et facilis. Itaque est quasi ratione perspiciatis pariatur molestiae nam omnis rerum. Sed dolores quae hic ducimus sed porro dolor. Voluptatum et quae numquam ipsum ut qui et. Officiis eum sit omnis totam ex labore nostrum.\n \rQuidem eveniet iure impedit vero soluta repellendus. Non fuga est expedita expedita. Sunt beatae repellendus eos. Quo ipsa inventore quis nemo aut dolor et alias.",
          "options": [
            {
              "label": "گزینه یک",
              "value": "1"
            },
            {
              "label": "گزینه دو",
              "value": "2"
            }
          ],
          "id": "6"
        },
        {
          "single": true,
          "required": false,
          "title": "Executive",
          "summery": "Corporate Solutions Planner",
          "description": "Sed molestias et laudantium. Porro quod aut quam aliquid ad. Officiis ad ut. Minus corporis possimus quas odio enim aperiam et. Iste autem doloribus rerum dolorem.\n \rBeatae et sit atque voluptates quas beatae in molestiae illo. Eum vero dolores. Reiciendis a quaerat ex. Veniam et vel odit ea aut adipisci aliquam maiores et.\n \rEt totam in sint. Aut asperiores dolores. Quia quisquam consequatur corrupti qui rem sint nostrum deleniti.",
          "options": [
            {
              "label": "گزینه یک",
              "value": "1"
            },
            {
              "label": "گزینه دو",
              "value": "2"
            }
          ],
          "id": "7"
        },
        {
          "single": false,
          "required": true,
          "title": "Developer",
          "summery": "Corporate Identity Executive",
          "description": "Non rem voluptas. Impedit praesentium laudantium ratione tempora dolores rem. Qui autem velit dignissimos est est officiis doloribus aliquid dolores. Dolor illo ut odio.\n \rQuo qui impedit rerum sint odit eum amet aspernatur temporibus. Debitis nihil velit alias laudantium. Accusantium voluptates deserunt temporibus enim. Excepturi ullam fugit quidem recusandae.\n \rEa quo est sint facilis. Assumenda quia minus sit. Porro aut nostrum culpa voluptatem assumenda unde deleniti tempore.",
          "options": [
            {
              "label": "گزینه یک",
              "value": "1"
            },
            {
              "label": "گزینه دو",
              "value": "2"
            }
          ],
          "id": "8"
        },
        {
          "single": false,
          "required": false,
          "title": "Orchestrator",
          "summery": "Forward Program Administrator",
          "description": "Voluptatem fugiat architecto voluptas voluptatem autem ea unde ut. Sapiente excepturi autem ipsa totam quos consequuntur nulla molestiae quam. Quam laborum fuga eligendi blanditiis eligendi quis. Magnam dolorem sed dolorem minima non ad.\n \rEst ab quos sunt quia quia qui sapiente. Voluptates quaerat suscipit rem vel et rerum in. Est natus nisi nam consectetur odit porro excepturi. Ipsum non quia ut vero at ullam tenetur exercitationem voluptas. Cupiditate ad sed. Fugiat animi nihil rerum earum deserunt.\n \rRem earum molestias veritatis quas sequi aspernatur quia. Accusantium maxime facere est molestias ullam nisi nemo enim. A eius totam aut voluptates voluptas ea ipsa deserunt. Ducimus molestias laboriosam minus voluptas aspernatur.",
          "options": [
            {
              "label": "گزینه یک",
              "value": "1"
            },
            {
              "label": "گزینه دو",
              "value": "2"
            }
          ],
          "id": "9"
        },
        {
          "single": false,
          "required": false,
          "title": "Strategist",
          "summery": "Lead Accountability Administrator",
          "description": "Sunt ipsam reprehenderit suscipit nisi doloribus. Amet quibusdam magnam est nobis voluptatem. Aliquid iste atque voluptatem sed atque sed. Sunt qui omnis autem nihil qui voluptatem quod facilis. Et ea facilis nostrum. Iusto dignissimos cum facilis omnis dolor ipsa eius sit.\n \rCommodi modi qui atque sint nihil quisquam laboriosam corrupti incidunt. Nesciunt porro excepturi. Officia necessitatibus omnis enim aperiam ipsam harum impedit quas recusandae. Tempore non aperiam a ab molestias. Ab perspiciatis minus et optio maxime.\n \rNumquam natus adipisci rerum dolores ducimus voluptates aliquam. Sequi enim et esse sequi quis et quaerat. Molestias explicabo hic nesciunt ea cupiditate.",
          "options": [
            {
              "label": "گزینه یک",
              "value": "1"
            },
            {
              "label": "گزینه دو",
              "value": "2"
            }
          ],
          "id": "10"
        }
      ]
    }
  ],
  "newest": [
    {
      "img": "https://cdn.achareh.co/production.achareh.ir/listings/services/dd3ba5ed-78e1-4613-8b43-d3773882f01a/f4a98408-fa74-4fb5-847e-6744820557c6-service_image.png",
      "title": "آچار فرانسه",
      "link": "https://achareh.co/service-request/renovation/assorted",
      "id": "1"
    },
    {
      "img": "https://cdn.achareh.co/production.achareh.ir/listings/services/5673b234-f698-4ef3-9324-2afb84d791d5/banner.jpg",
      "title": "مربی آنلاین تندرستی",
      "link": "https://achareh.co/service-request/wellness/diet-wellness",
      "id": "2"
    },
    {
      "img": "https://cdn.achareh.co/production.achareh.ir/listings/services/06011b94-233d-4e7c-8db0-fb3b119cdb01/0bbb37d7-66c9-46a2-bf2d-7c6b10fd21e4.jfif",
      "title": "پکیج کارواش VIP ( صفرشویی VIP + واکس و پولیش سه مرحله ای)",
      "link": "https://achareh.co/service-request/carwash-base/vip-carwash-package",
      "id": "3"
    },
    {
      "img": "https://cdn.achareh.co/production.achareh.ir/listings/services/e9424e91-0b8e-4b3d-a525-a841c95be676/banner.jpg",
      "title": "خدمات تربیتی حیوانات خانگی",
      "link": "https://achareh.co/service-request/pet-care/pet-training",
      "id": "4"
    },
    {
      "img": "https://cdn.achareh.co/production.achareh.ir/listings/services/ea9cf2b2-1021-4a10-aeb7-373844865980/dd51cae1-5676-45c8-b129-d3b421a4a0a4.jpg",
      "title": "نظافت راه‌ پله",
      "link": "https://achareh.co/service-request/cleaning/public",
      "id": "5"
    }
  ],
  "decoracion": [
    {
      "img": "https://cdn.achareh.co/production.achareh.ir/listings/services/5327edd0-799f-4b01-9337-bfec22c0ae52/86523396-e855-424c-a909-bc5bf2c354f8-service_image.jpg",
      "title": "تا 5% تخفیف بازسازی ساختمان",
      "link": "https://achareh.co/service-request/renovation/assorted",
      "id": "1"
    },
    {
      "img": "https://cdn.achareh.co/production.achareh.ir/listings/services/93222b7a-b97a-4b83-83f2-33b8b738ccab/68676a1a-3d9c-4fca-aa97-b521a518dfc2.jpg",
      "title": "تا 25% تخفیف نقاشی ساختمان",
      "link": "https://achareh.co/service-request/wellness/diet-wellness",
      "id": "2"
    },
    {
      "img": "https://cdn.achareh.co/production.achareh.ir/listings/services/9242321d-c532-4881-bf8a-652c47f515f9/ef0c442d-c1a0-4b46-b66c-d77e60906e82.jpg",
      "title": "تا 20% تخفیف نجاری، درب و پنجره چوبی",
      "link": "https://achareh.co/service-request/carwash-base/vip-carwash-package",
      "id": "3"
    },
    {
      "img": "https://cdn.achareh.co/production.achareh.ir/listings/services/816c98b6-8dfc-47e7-8272-3cb0254b0c92/ecea6866-f76b-4ce9-9ecc-6193bc836bcd.jpg",
      "title": "تا 20% تخفیف گچ‌ کاری",
      "link": "https://achareh.co/service-request/pet-care/pet-training",
      "id": "4"
    },
    {
      "img": "https://cdn.achareh.co/production.achareh.ir/listings/services/a5046206-3355-4795-bfda-8351afece674/banner.jpg",
      "title": "نصب و تعمیر بخاری گازی و شومینه",
      "link": "https://achareh.co/service-request/cleaning/public",
      "id": "5"
    }
  ],
  "userFakeData": {
    "Gender": "مرد",
    "address": "تهران، میدان خراسان، فرهنگسرای خاوران",
    "birthday": "1379",
    "lastname": "سرآبادانی",
    "name": "علیرضا"
  }
}